v1,v2
0,Me too baby! I promise to treat you well! I bet you will take good care of me...
0,"It could work, we'll reach a consensus at the next meeting"
0,"Oh right, ok. I'll make sure that i do loads of work during the day!  got a really nasty cough today and is dry n shot so that should really help it!"
0,I'm in town now so i'll jus take mrt down later.
0,Oops my phone died and I didn't even know. Yeah I like it better.
0,Your daily text from me ÛÒ a favour this time
0,"Aight, call me once you're close"
0,Lol! Nah wasn't too bad thanks. Its good to b home but its been quite a reality check. Hows ur day been? Did u do anything with website?
0,Are you happy baby ? Are you alright ? Did you take that job ? I hope your fine. I send you a kiss to make you smile from across the sea ... *kiss* *kiss*
0,"A boy was late 2 home. His father: \POWER OF FRNDSHIP\"""""
0,Oh did you charge camera
0,Idea will soon get converted to live:)
0,Oh all have to come ah?
0,"What i mean was i left too early to check, cos i'm working a 9-6."
0,\CAN I PLEASE COME UP NOW IMIN TOWN.DONTMATTER IF URGOIN OUTL8R
0,Dont think so. It turns off like randomlly within 5min of opening
0,"I got arrested for possession at, I shit you not,  &lt;TIME&gt;  pm"
0,O ic lol. Should play 9 doors sometime yo
0,Its a valentine game. . . send dis msg to all ur friends. . If 5 answers r d same then someone really loves u. . Ques- which colour suits me the best?
0,My supervisor find 4 me one lor i thk his students. I havent ask her yet. Tell u aft i ask her.
0,Boo. How's things? I'm back at home and a little bored already :-(
0,Ok lor Ì_ reaching then message me.
0,I'll pick you up at about 5.15pm to go to taunton if you still want to come.
0,Oic... I saw him too but i tot he din c me... I found a group liao...
0,Now? I'm going out 4 dinner soon..
0,Oh ok i didnt know what you meant. Yep i am baby jontin
0,"God picked up a flower and dippeditinaDEW, lovingly touched itwhichturnedinto u, and the he gifted tomeandsaid,THIS FRIEND IS 4U"
0,I don't know but I'm raping dudes at poker
0,Shall I bring us a bottle of wine to keep us amused? Only joking! IÛ÷ll bring one anyway
0,have * good weekend.
0,I am joining today formally.Pls keep praying.will talk later.
0,"I'm not smoking while people use \wylie smokes too much\"" to justify ruining my shit"""
0,"Aight, sounds good. When do you want me to come down?"
0,You flippin your shit yet?
0,Well I wasn't available as I washob nobbing with last night so they had to ask Nickey Platt instead of me!;
0,Tell them the drug dealer's getting impatient
0,Yar but they say got some error.
0,Aiya we discuss later lar... Pick Ì_ up at 4 is it?
0,Have you got Xmas radio times. If not i will get it now
0,Sent me de webadres for geting salary slip
0,Aiyah ok wat as long as got improve can already wat...
0,ALRITE
0,I am in bus on the way to calicut
0,Even i cant close my eyes you are in me our vava playing umma :-D
0,Dont gimme that lip caveboy
0,U buy newspapers already?
0,Jus finish bathing...
0,"Maybe westshore or hyde park village, the place near my house?"
0,Hi babe its me thanks for coming even though it didnt go that well!i just wanted my bed! Hope to see you soon love and kisses xxx
0,Well boy am I glad G wasted all night at applebees for nothing
0,So when do you wanna gym harri
0,"Just wondering, the others just took off"
0,WHITE FUDGE OREOS ARE IN STORES
0,"Nah it's straight, if you can just bring bud or drinks or something that's actually a little more useful than straight cash"
0,Sorry for the delay. Yes masters
0,Lol your right. What diet? Everyday I cheat anyway. I'm meant to be a fatty :(
0,And also I've sorta blown him off a couple times recently so id rather not text him out of the blue looking for weed
0,Got meh... When?
0,Mystery solved! Just opened my email and he's sent me another batch! Isn't he a sweetie
0,I'm leaving my house now...
0,It has issues right now. Ill fix for her by tomorrow.
0,Well at this right I'm gonna have to get up and check today's steam sales/pee so text me when you want me to come get you
0,"Call me da, i am waiting for your call."
0,So are you guys asking that i get that slippers again or its gone with last year
0,If I get there before you after your ten billion calls and texts so help me god
0,Do you like Italian food?
0,"Almost there, see u in a sec"
0,I've got it down to a tea. not sure which flavour
0,I reach home safe n sound liao...
0,"No I'm good for the movie, is it ok if I leave in an hourish?"
0,"sorry brah, just finished the last of my exams, what up"
0,"Pls send me a comprehensive mail about who i'm paying, when and how much."
0,All these nice new shirts and the only thing I can wear them to is nudist themed ;_; you in mu?
0," said kiss, kiss, i can't do the sound effects! He is a gorgeous man isn't he! Kind of person who needs a smile to brighten his day! "
0,"\SYMPTOMS\"" when U are in love: \""1.U like listening songs 2.U get stopped where u see the name of your beloved 3.U won't get angry when your"""
0,I'm coming home 4 dinner.
0,"\I;m reaching in another 2 stops.\"""""
0,"Sir, I need AXIS BANK account no and bank address."
0,Go fool dont cheat others ok
0,Yup bathe liao...
0,"Looks like you found something to do other than smoke, great job!"
0,Don no da:)whats you plan?
0,Pls i wont belive god.not only jesus.
0,Takin a shower now but yeah I'll leave when I'm done
0,I thk Ì_ gotta go home by urself. Cos i'll b going out shopping 4 my frens present. 
0,All day working day:)except saturday and sunday..
0,If I die I want u to have all my stuffs.
0,Waiting for your call.
0,Hi its Kate how is your evening? I hope i can see you tomorrow for a bit but i have to bloody babyjontet! Txt back if u can. :) xxx
0,Dunno i juz askin cos i got a card got 20% off 4 a salon called hair sense so i tot it's da one Ì_ cut ur hair. 
0,Nite...
0,"\Gimme a few\"" was  &lt;#&gt;  minutes ago"""
0,I'm going 4 lunch now wif my family then aft dat i go str 2 orchard lor.
0,Or u ask they all if next sat can a not. If all of them can make it then i'm ok lor.
0,"So anyways, you can just go to your gym or whatever, my love *smiles* I hope your ok and having a good day babe ... I miss you so much already"
0,Hey whats up? U sleeping all morning?
0,When Ì_ login dat time... Dad fetching Ì_ home now?
0,Dear got train and seat mine lower seat
0, gonna let me know cos comes bak from holiday that day.  is coming. Don't4get2text me  number. 
0,Yeah that's the impression I got
0,Try to do something dear. You read something for exams
0,I've been searching for the right words to thank you for this breather. I promise i wont take your help for granted and will fulfil my promise. You have been wonderful and a blessing at all times.
0,"To the wonderful Okors, have a great month. We cherish you guys and wish you well each day. MojiBiola"
0,K.:)you are the only girl waiting in reception ah?
0,"Men always needs a beautiful, intelligent, caring, loving, adjustable, cooperative wife. But the law allows only one wife...."
0,WHEN THE FIRST STRIKE IS A RED ONE. THE BIRD + ANTELOPE BEGIN TOPLAY IN THE FIELDOF SELFINDEPENDENCE BELIEVE THIS + THE FLOWER OF CONTENTION WILL GROW.RANDOM!
0,Tessy..pls do me a favor. Pls convey my birthday wishes to Nimya..pls dnt forget it. Today is her birthday Shijas
0,"Do you know why god created gap between your fingers..? So that, One who is made for you comes &amp; fills those gaps by holding your hand with LOVE..!"
0,"Al he does is moan at me if n e thin goes wrong its my fault&al de arguments r my fault&fed up of him of himso y bother? Hav 2go, thanx.xx"
0,"Hmmm.. Thk sure got time to hop ard... Ya, can go 4 free abt... Muz call u to discuss liao... "
0,Mm feeling sleepy. today itself i shall get that dear
0,How are you holding up?
0,Huh so early.. Then Ì_ having dinner outside izzit?
0,Wait  &lt;#&gt;  min..
0,"Had the money issue weigh me down but thanks to you, I can breathe easier now. I.ll make sure you dont regret it. Thanks."
0,Apart from the one i told you about yesterday?
0,"K, makes sense, btw carlos is being difficult so you guys are gonna smoke while I go pick up the second batch and get gas"
0,"Happy new year to u and ur family...may this new year bring happiness , stability and tranquility to ur vibrant colourful life:):)"
0,For fear of fainting with the of all that housework you just did? Quick have a cuppa
0,Are you at work right now ?
0,Imagine Life WITHOUT ME... see.. How fast u are searching me?Don't worry.. l'm always there To disturb U.. Goodnoon..:)
0,Hello- thanx for taking that call. I got a job! Starts on monday!
0,No it will reach by 9 only. She telling she will be there. I dont know
0,Yes:)here tv is always available in work place..
0,Cos i want it to be your thing
0,ÌÏ dun wan to watch infernal affair?
0,Sorry . I will be able to get to you. See you in the morning.
0,I accidentally deleted the message. Resend please.
0,I'm job profile seems like bpo..
0,Can not use foreign stamps in this country.
0,"Wow ... I love you sooo much, you know ? I can barely stand it ! I wonder how your day goes and if you are well, my love ... I think of you and miss you"
0,Not able to do anything.
0,Ooooooh I forgot to tell u I can get on yoville on my phone
0,"Love isn't a decision, it's a feeling. If we could decide who to love, then, life would be much simpler, but then less magical"
0,Not a lot has happened here. Feels very quiet. Beth is at her aunts and charlie is working lots. Just me and helen in at the mo. How have you been? 
0,Many times we lose our best ones bcoz we are 
0,Are you going to write ccna exam this week??
0,Even my brother is not like to speak with me. They treat me like aids patent.
0,No break time one... How... I come out n get my stuff fr Ì_?
0,cThen i thk shd b enuff.. Still got conclusion n contents pg n references.. I'll b doing da contents pg n cover pg..
0,No i am not having not any movies in my laptop
0,Those cocksuckers. If it makes you feel better ipads are worthless garbage novelty items and you should feel bad for even wanting one
0,"Come to me right now, Ahmad"
0,No i'm not gonna be able to. || too late notice. || i'll be home in a few weeks anyway. || what are the plans
0,Please tell me you have some of that special stock you were talking about
0,Would really appreciate if you call me. Just need someone to talk to.
0,Ok i vl..do u know i got adsense approved..
0,"Awesome, I'll see you in a bit"
0,PLEASSSSSSSEEEEEE TEL ME V AVENT DONE SPORTSx
0,Da my birthdate in certificate is in april but real date is today. But dont publish it. I shall give you a special treat if you keep the secret. Any way thanks for the wishes
0,"Hello my boytoy ... Geeee I miss you already and I just woke up. I wish you were here in bed with me, cuddling me. I love you ..."
0,If you're not in my car in an hour and a half I'm going apeshit
0,Yup he msg me: is tat yijue? Then i tot it's my group mate cos we meeting today mah... I'm askin if Ì_ leaving earlier or wat mah cos mayb Ì_ haf to walk v far...
0,Well done and ! luv ya all 
0,What's your room number again? Wanna make sure I'm knocking on the right door
0,Dont know you bring some food
0,I'm watching lotr w my sis dis aft. So u wan 2 meet me 4 dinner at nite a not?
0,U free on sat rite? U wan 2 watch infernal affairs wif me n darren n mayb xy?
0,Okay lor... Will they still let us go a not ah? Coz they will not know until later. We drop our cards into the box right?
0,Lol ok ill try to send. Be warned Sprint is dead slow. You'll prolly get it tomorrow
0,"Nothing, smsing u n xy lor. Sorry lor da guys neva c u in person but they sort of know u lor. So u wan 2 meet them xy ask me 2 bring u along 4 our next meeting."
0,For many things its an antibiotic and it can be used for chest abdomen and gynae infections even bone infections.
0,Pls go ahead with watts. I just wanted to be sure. Do have a great weekend. Abiola
0,Hey what how about your project. Started aha da.
0,"Can you tell Shola to please go to college of medicine and visit the academic department, tell the academic secretary what the current situation is and ask if she can transfer there. She should ask someone to check Sagamu for the same thing and lautech. Its vital she completes her medical education in Nigeria. Its less expensive much less expensive. Unless she will be getting citizen rates in new zealand."
0,Yes ammae....life takes lot of turns you can only sit and try to hold the steering...
0,Ok leave no need to ask
0,THANX 4 PUTTIN DA FONE DOWN ON ME!!
0,"Argh my 3g is spotty, anyway the only thing I remember from the research we did was that province and sterling were the only problem-free places we looked at"
0,Ya:)going for restaurant..
0,They said Ì_ dun haf passport or smth like dat.. Or Ì_ juz send to my email account..  
0,Just nw i came to hme da..
0,Aah! A cuddle would be lush! I'd need lots of tea and soup before any kind of fumbling!
0,Hi ....My engagement has been fixd on  &lt;#&gt; th of next month. I know its really shocking bt....hmm njan vilikkam....t ws al of a sudn;-(.
0,I sent lanre fakeye's Eckankar details to the mail box
0,YO YO YO BYATCH WHASSUP?
0,I thank you so much for all you do with selflessness. I love you plenty.
0,"Get the door, I'm here"
0,No need lar. Jus testing e phone card. Dunno network not gd i thk. Me waiting 4 my sis 2 finish bathing so i can bathe. Dun disturb u liao u cleaning ur room.
0,Yes. Please leave at  &lt;#&gt; . So that at  &lt;#&gt;  we can leave
0,"That's cool, I'll come by like  &lt;#&gt; ish"
0,Hi i won't b ard 4 christmas. But do enjoy n merry x'mas.
0,I will spoil you in bed as well :)
0,Oh is it! Which brand?
0,"Hmmm ... I thought we said 2 hours slave, not 3 ... You are late ... How should I punish you ?"
0,Its a valentine game. . . Send dis msg to all ur friends. .. If 5 answers r d same then someone really loves u. Ques- which colour suits me the best?rply me
0,Hmm thinking lor...
0,Anything lar then Ì_ not going home 4 dinner?
0,Ok going to sleep. Hope i can meet her.
0,I want to lick your pussy now...
0,"Goodmorning,my grandfather expired..so am on leave today."
0,"It,,s a taxt massage....tie-pos argh ok! Lool!"
0,Morning only i can ok.
0,Of course. I guess god's just got me on hold right now.
0,S:)no competition for him.
0,But i'm surprised she still can guess right lor...
0," says that he's quitting at least5times a day so i wudn't take much notice of that. Nah, she didn't mind. Are you gonna see him again? Do you want to come to taunton tonight? U can tell me all about !"
0,Hey!!! I almost forgot ... Happy B-day babe ! I love ya!!
0,Will you be here for food
0,X course it 2yrs. Just so her messages on messenger lik you r sending me
0,No dear i do have free messages without any recharge. Hi hi hi
0,Did you show him and wot did he say or could u not c him 4 dust?
0,"\NONE!NOWHERE IKNO DOESDISCOUNT!SHITINNIT\"""""
0,"I'm used to it. I just hope my agents don't drop me since i've only booked a few things this year. This whole me in boston, them in nyc was an experiment."
0,K tell me anything about you.
0,"Wn u r hurt by d prsn who s close 2 u, do fight wit dem. Coz somtimes dis fight saves a relation bt being quiet leaves nothin in a relation.. Gud eveB-)"
0,Ok. She'll be ok. I guess
0,Okie
0,"Oh yes, why is it like torture watching england?"
0,This girl does not stay in bed. This girl doesn't need recovery time. Id rather pass out while having fun then be cooped up in bed
0,Ron say fri leh. N he said ding tai feng cant make reservations. But he said wait lor.
0,Are you this much buzy
0,Pls help me tell sura that i'm expecting a battery from hont. And that if should pls send me a message about how to download movies. Thanks
0,Hey mr  and I are going to the sea view and having a couple of gays I mean games! Give me a bell when ya finish 
0,I doubt you could handle 5 times per night in any case...
0,Ha ha - had popped down to the loo when you hello-ed me. Hello!
0,No sir. That's why i had an 8-hr trip on the bus last week. Have another audition next wednesday but i think i might drive this time.
0,"Sounds gd... Haha... Can... Wah, u yan jiu so fast liao..."
0,U sick still can go shopping?
0,"Ya, i'm referin to mei's ex wat... No ah, waitin 4 u to treat, somebody shld b rich liao...So gd, den u dun have to work frm tmr onwards..."
0,So lets make it saturday or monday as per convenience.
0,Nothing. Can...
0,Saw Guys and Dolls last night with Patrick Swayze it was great
0,Ya srsly better than yi tho
0,Hi. I'm always online on yahoo and would like to chat with you someday
0,I am in your office na.
0,3 pa but not selected.
0,Thanks. Fills me with complete calm and reassurance! 
0,How are you babes. Hope your doing ok. I had a shit nights sleep. I fell asleep at 5.IåÕm knackered and iåÕm dreading work tonight. What are thou upto tonight. X
0,No it was cancelled yeah baby! Well that sounds important so i understand my darlin give me a ring later on this fone love Kate x
0,they released another Italian one today and it has a cosign option
0,Die... I accidentally deleted e msg i suppose 2 put in e sim archive. Haiz... I so sad...
0,"And how you will do that, princess? :)"
0,In fact when do you leave? I think addie goes back to school tues or wed
0,"Aight, we'll head out in a few"
0,"When I was born, GOD said, \Oh No! Another IDIOT\"". When you were born"
0,Yeah. I got a list with only u and Joanna if I'm feeling really anti social
0,Did u find a sitter for kaitlyn? I was sick and slept all day yesterday.
0,Networking job is there.
0,Am i that much dirty fellow?
0,I am in hospital da. . I will return home in evening
0,Dont put your phone on silent mode ok
0,Cab is available.they pick up and drop at door steps.
0,I've told him that i've returned it. That should i re order it.
0,jay says he'll put in  &lt;#&gt;
0,Wishing you a beautiful day. Each moment revealing even more things to keep you smiling. Do enjoy it.
0,Ok lor. I'm in town now lei.
0,Depends on where u going lor.
0,"Camera quite good, 10.1mega pixels, 3optical and 5digital dooms. Have a lovely holiday, be safe and i hope you hav a good journey! Happy new year to you both! See you in a couple of weeks! "
0,Yeah imma come over cause jay wants to do some drugs
0,Yeah we do totes. When u wanna?
0,"Remember all those whom i hurt during days of satanic imposter in me.need to pay a price,so be it.may destiny keep me going and as u said pray that i get the mind to get over the same."
0,"Poyyarikatur,kolathupalayam,unjalur post,erode dis, &lt;#&gt; ."
0,Cancel cheyyamo?and get some money back?
0,Also andros ice etc etc
0,"Haha awesome, omw back now then"
0,Pls she needs to dat slowly or she will vomit more.
0,Wat happened to the cruise thing
0,If u sending her home first it's ok lor. I'm not ready yet.
0,"Haha awesome, be there in a minute"
0,"The guy (kadeem) hasn't been selling since the break, I know one other guy but he's paranoid as fuck and doesn't like selling without me there and I can't be up there til late tonight"
0,Sorry that was my uncle. I.ll keep in touch
0,* Was thinking about chuckin ur red green n black trainners 2 save carryin them bac on train
0,I called but no one pick up e phone. I ask both of them already they said ok.
0,I'm working technical support :)voice process.
0,So li hai... Me bored now da lecturer repeating last weeks stuff waste time... 
0,\HEY KATE
0,What type of stuff do you sing?
0,Hiya do u like the hlday pics looked horrible in them so took mo out! Hows the camp Amrca thing? Speak soon Serena:)
0,Nt yet chikku..simple habba..hw abt u?
0,How much she payed. Suganya.
0,No da if you run that it activate the full version da.
0,Here got lots of hair dresser fr china.
0,S now only i took tablets . Reaction morning only.
0,"Give her something to drink, if she takes it and doesn't vomit then you her temp might drop. If she unmits however let me know."
0,ÌÏ mean it's confirmed... I tot they juz say oni... Ok then... 
0,Where u been hiding stranger?
0,That seems unnecessarily hostile
0,I'm freezing and craving ice. Fml
0,"What will we do in the shower, baby?"
0,True lov n care wil nevr go unrecognized. though somone often makes mistakes when valuing it. but they will definitly undrstnd once when they start missing it.
0,Was actually sleeping and still might when u call back. So a text is gr8. You rock sis. Will send u a text wen i wake.
0,"Oh... I was thkin of goin yogasana at 10 den no nd to go at 3 den can rush to parco 4 nb... Okie lor, u call me when ready..."
0,Chk in ur belovd ms dict
0,Bring home some Wendy =D
0,"[Û_] anyway, many good evenings to u! s"
0,Early bird! Any purchases yet?
0,Can you do online transaction?
0,Hurt me... Tease me... Make me cry... But in the end of my life when i die plz keep one rose on my grave and say STUPID I MISS U.. HAVE A NICE DAY BSLVYL
0,See the forwarding message for proof
0,"What are you doing in langport? Sorry, but I'll probably be in bed by 9pm. It sucks being ill at xmas! When do you and go2sri lanka? "
0,"Hm good morning, headache anyone? :-)"
0,See you there! 
0,How stupid to say that i challenge god.You dont think at all on what i write instead you respond immed.
0,"Hmph. Go head, big baller."
0,(You didn't hear it from me)
0,Still in customer place
0,Leave it wif me lar... ÌÏ wan to carry meh so heavy... Is da num 98321561 familiar to Ì_?
0,"Arms fine, how's Cardiff and uni? "
0,Cool. Do you like swimming? I have a pool and jacuzzi at my house.
0,"Good afternoon, babe. How goes that day ? Any job prospects yet ? I miss you, my love ... *sighs* ... :-("
0,No..but heard abt tat..
0,Were somewhere on Fredericksburg
0,Mm you ask him to come its enough :-)
0,:-( sad puppy noise
0,If i not meeting Ì_ all rite then i'll go home lor. If Ì_ dun feel like comin it's ok.
0,You got called a tool?
0,Anything lor but toa payoh got place 2 walk meh...
0,cud u tell ppl im gona b a bit l8 cos 2 buses hav gon past cos they were full & im still waitin 4 1. Pete x
0,Are you plans with your family set in stone ?
0,Oh just getting even with u.... u?
0,"ThatÛ÷s the thing with apes, u can fight to the death to keep something, but the minute they have it when u let go, thats it!"
0,I have printed it oh. So  &lt;#&gt;  come upstairs
0,I wish u were here. I feel so alone
0,K..k:)how much does it cost?
0,Easy ah?sen got selected means its good..
0,U dun say so early hor... U c already then say...
0,Cheers for the card ... Is it that time of year already?
0,I'm always looking for an excuse to be in the city.
0,Hey so this sat are we going for the intro pilates only? Or the kickboxing too? 
0,"No, its true..k,Do u knw dis no. &lt;#&gt; ?"
0,"The gas station is like a block away from my house, you'll drive right by it since armenia ends at swann and you have to take howard"
0,Long time. You remember me today.
0,10 min later k...
0,Ok... But they said i've got wisdom teeth hidden inside n mayb need 2 remove.
0,"I feel like a dick because I keep sleeping through your texts and facebook messages. Sup, you in town?"
0,Kinda. First one gets in at twelve! Aah. Speak tomo
0,"Dear Sir,Salam Alaikkum.Pride and Pleasure meeting you today at the Tea Shop.We are pleased to send you our contact number at Qatar.Rakhesh an Indian.Pls save our Number.Respectful Regards."
0,1Apple/Day=No Doctor. 1Tulsi Leaf/Day=No Cancer. 1Lemon/Day=No Fat. 1Cup Milk/day=No Bone Problms 3 Litres Watr/Day=No Diseases Snd ths 2 Whom U Care..:-)
0,"Total disappointment, when I texted you was the craziest shit got :("
0,Today iZ Yellow rose day. If u love my frndship give me 1 misscall &amp; send this to ur frndZ &amp; See how many miss calls u get. If u get 6missed U marry ur Lover.
0,Yes watching footie but worried we're going to blow it - Phil Neville?
0,Please sen :)my kind advice :-)please come here and try:-)
0,What * u wearing?
0,"Nope, I'm still in the market"
0,"That's the trouble with classes that go well - you're due a dodgey one Û_ Expecting mine tomo! See you for recovery, same time, same place "
0,"Yeah work is fine, started last week, all the same stuff as before, dull but easy and guys are fun!"
0,Just woke up. Yeesh its late. But I didn't fall asleep til &lt;#&gt; am :/
0,Shhhhh nobody is supposed to know!
0,"Well, I have to leave for my class babe ... You never came back to me ... :-( ... Hope you have a nice sleep, my love"
0,Ok. So april. Cant wait
0,I'll text you when I drop x off
0,Once free call me sir.
0,If you are not coughing then its nothing
0,"Fuuuuck I need to stop sleepin, sup"
0,We confirm eating at esplanade?
0,Just come home. I don't want u to be miserable
0,Can Ì_ send me a copy of da report?
0,"House-Maid is the murderer, coz the man was murdered on  &lt;#&gt; th January.. As public holiday all govt.instituitions are closed,including post office..understand?"
0,"Thanx. Yup we coming back on sun. Finish dinner going back 2 hotel now. Time flies, we're tog 4 exactly a mth today. Hope we'll haf many more mths to come..."
0,Oh... Kay... On sat right?
0,Well welp is sort of a semiobscure internet thing
0,Nite nite pocay wocay luv u more than n e thing 4eva I promise ring u 2morrowxxxx
0,Yeah so basically any time next week you can get away from your mom &amp; get up before 3
0,Id onluy matters when getting on from offcampus
0,"\OH FUCK. JUSWOKE UP IN A BED ON A BOATIN THE DOCKS. SLEPT WID 25 YEAR OLD. SPINOUT! GIV U DA GOSSIP L8R. XXX\"""""
0,Exactly. Anyways how far. Is jide her to study or just visiting
0,"Life is more strict than teacher... Bcoz Teacher teaches lesson &amp; then conducts exam, But Life first conducts Exam &amp; then teaches Lessons. Happy morning. . ."
0,Honestly i've just made a lovely cup of tea and promptly dropped my keys in it and then burnt my fingers getting them out!
0,Captain vijaykanth is doing comedy in captain tv..he is drunken :)
0,You still around? Looking to pick up later
0,So dont use hook up any how
0,"K, fyi I'm back in my parents' place in south tampa so I might need to do the deal somewhere else"
0,"Babe! How goes that day ? What are you up to ? I miss you already, my Love ... * loving kiss* ... I hope everything goes well."
0,Yeah I can still give you a ride
0,Don know..wait i will check it.
0,How i noe... Did Ì_ specify da domain as nusstu... ÌÏ still in sch...
0,Ya but it cant display internal subs so i gotta extract them
0,I wont get concentration dear you know you are my mind and everything :-)
0,Ok.ok ok..then..whats ur todays plan
0,"I'm in a meeting, call me later at"
0,* Will be september by then!
0,Lol I know! Hey someone did a great inpersonation of flea on the forums. I love it!
0,"It's that time of the week again, ryan"
0,I think the other two still need to get cash but we can def be ready by 9
0,Hi. I'm sorry i missed your call. Can you pls call back.
0,HI DARLIN IM MISSIN U HOPE YOU ARE HAVING A GOOD TIME. WHEN ARE U BACK AND WHAT TIME IF U CAN GIVE ME A CALL AT HOME. JESS XX
0,Everybody had fun this evening. Miss you.
0,Its normally hot mail. Com you see!
0,"Hello, As per request from  &lt;#&gt;  Rs.5 has been transfered to you"
0,No no:)this is kallis home ground.amla home town is durban:)
0,Nice line said by a broken heart- Plz don't cum 1 more times infront of me... Other wise once again I ll trust U... Good 9t:)
0,U sure u can't take any sick time?
0,"Send ur birthdate with month and year, I will tel u ur LIFE PARTNER'S name. and the method of calculation. Reply must."
0,PISS IS TALKING IS SOMEONE THAT REALISE U THAT POINT THIS AT IS IT.(NOW READ IT BACKWARDS)
0,Leave it. U will always be ignorant.
0,"Call me, i am senthil from hsbc."
0,"Call me. I m unable to cal. Lets meet bhaskar, and deep"
0,IÛ÷m parked next to a MINI!!!! When are you coming in today do you think?
0,Thanks for loving me so. You rock
0,Den wat will e schedule b lk on sun?
0,"Damn, poor zac doesn't stand a chance"
0,Did u download the fring app?
0,"Yo, any way we could pick something up tonight?"
0,No that just means you have a fat head
0,Yep then is fine 7.30 or 8.30 for ice age.
0,Talk to g and x about that
0,I told that am coming on wednesday.
0,Friends that u can stay on fb chat with
0,"Aiyo... Her lesson so early... I'm still sleepin, haha... Okie, u go home liao den confirm w me lor..."
0,Hmmm:)how many players selected?
0,You busy or can I come by at some point and figure out what we're doing tomorrow
0,I pocked you up there before
0,Can. Dunno wat to get 4 her...
0,What can i do? Might accidant tookplace between somewhere ghodbandar rd. Traffic moves slovely. So plz slip &amp; don't worry.
0,Have you seen who's back at Holby?!
0,i felt so...not any conveying reason.. Ese he... What about me?
0,Ok i thk i got it. Then u wan me 2 come now or wat?
0,Have you emigrated or something? Ok maybe 5.30 was a bit hopeful...
0,Oh k...i'm watching here:)
0,Headin towards busetop
0,Yar lor wait 4 my mum 2 finish sch then have lunch lor... I whole morning stay at home clean my room now my room quite clean... Hee...
0,Ew are you one of them?
0,Oic cos me n my sis got no lunch today my dad went out... So dunno whether 2 eat in sch or wat...
0,Never y lei... I v lazy... Got wat? Dat day Ì_ send me da url cant work one...
0,Looks like u wil b getting a headstart im leaving here bout 2.30ish but if u r desperate for my company I could head in earlier-we were goin to meet in rummer.
0,"I'm nt goin, got somethin on, unless they meetin 4 dinner lor... Haha, i wonder who will go tis time..."
0,"Hiya, sorry didn't hav signal. I haven't seen or heard from and neither has, which is unusual in itself! I'll put on the case and get him to sort it out! Hugs and snogs."
0,I will reach office around  &lt;DECIMAL&gt; . &amp; my mobile have problem. You cann't get my voice. So call you asa i'll free
0,I'm fine. Hope you are good. Do take care.
0,Nan sonathaya soladha. Why boss?
0,Can Ì_ all decide faster cos my sis going home liao..
0,Yup but it's not giving me problems now so mayb i'll jus leave it...
0,"Yeah, in fact he just asked if we needed anything like an hour ago. When and how much?"
0,Thanks for ve lovely wisheds. You rock
0,"Call me when you/carlos is/are here, my phone's vibrate is acting up and I might not hear texts"
0,"Did I forget to tell you ? I want you , I need you, I crave you ... But most of all ... I love you my sweet Arabian steed ... Mmmmmm ... Yummy"
0,"I guess you could be as good an excuse as any, lol."
0,Thanks for understanding. I've been trying to tell sura that.
0,"Dear,regret i cudnt pick call.drove down frm ctla now at cochin home.left mobile in car..ente style ishtamayoo?happy bakrid!"
0,Hi juan. Im coming home on fri hey. Of course i expect a welcome party and lots of presents. Ill phone u when i get back. Loads of love nicky x x x x x x x x x
0,I donno if they are scorable
0,How come guoyang go n tell her? Then u told her?
0,I dont. Can you send it to me. Plus how's mode.
0,"Hello, hello, hi lou sorry it took so long 2 reply- I left mobile at friends in Lancaster, just got it bak Neway im sorry I couldnåÕt make ur båÕday 2 hun!"
0,HARD BUT TRUE: How much you show &amp;  express your love to someone....that much it will hurt when they leave you or you get seperated...!ö´Ó_??Û¬ud evening...
0,DonÛ÷t give a flying monkeys wot they think and I certainly donÛ÷t mind. Any friend of mine and all that!
0,"Hmm, too many of them unfortunately... Pics obviously arent hot cakes. Its kinda fun tho"
0,"\Life is nothing wen v get everything\"". But \""life is everything wen v miss something \"". Real value of people wil be realized only in their absence.... gud mrng"""
0,Alright i have a new goal now
0,Yes. They replied my mail. I'm going to the management office later. Plus will in to bank later also.or on wednesday.
0,Oh k k:)but he is not a big hitter.anyway good
0,Lol well don't do it without me. We could have a big sale together.
0,It so happens that there r 2waxsto do wat you want. She can come and ill get her medical insurance. And she'll be able to deliver and have basic care. I'm currently shopping for the right medical insurance for her. So just give me til friday morning. Thats when i.ll see the major person that can guide me to the right insurance.
0,"I guess that's why you re worried. You must know that there's a way the body repairs itself. And i'm quite sure you shouldn't worry. We'll take it slow. First the tests, they will guide when your ovulation is then just relax. Nothing you've said is a reason to worry but i.ll keep on followin you up."
0,Cant think of anyone with * spare room off * top of my head
0,"\Hello-/@drivby-:0quit edrunk sorry iff pthis makes no senrd-dnot no how ^ dancce 2 drum n basq!ihave fun 2nhite x ros xxxxxxx\"""""
0,Leave it de:-). Start Prepare for next:-)..
0,No plans yet. What are you doing ?
0,Don't forget though that I love you .... And I walk beside you. Watching over you and keeping your heart warm.
0,I sent you  &lt;#&gt;  bucks
0,And how's your husband.
0,Minimum walk is 3miles a day.
0,What's ur pin?
0,Happy new year. Hope you are having a good semester
0,"Each Moment in a day,has its own value-Morning brings hope,afternoon brings faith,Evening brings luv,Night brings rest,Wish u find them all today.Good Morning"
0,"Neither [in sterm voice] - i'm studying. All fine with me! Not sure the  thing will be resolved, tho. Anyway. Have a fab hols"
0,Thanks for looking out for me. I really appreciate.
0,"Ya tel, wats ur problem.."
0,"Alright we're hooked up, where you guys at"
0,I am taking you for italian food. How about a pretty dress with no panties? :)
0,tap & spile at seven. * Is that pub on gas st off broad st by canal. Ok?
0,Guai... ÌÏ shd haf seen him when he's naughty... ÌÏ so free today? Can go jogging...
0,Hey! Congrats 2u2. id luv 2 but ive had 2 go home!
0,Great. P diddy is my neighbor and comes for toothpaste every morning
0,"Under the sea, there lays a rock. In the rock, there is an envelope. In the envelope, there is a paper. On the paper, there are 3 words... '"
0,"sry can't talk on phone, with parents"
0,Should I head straight there or what
0,You said to me before i went back to bed that you can't sleep for anything.
0,Aight should I just plan to come up later tonight?
0,"Forgot it takes me 3 years to shower, sorry. Where you at/your phone dead yet?"
0,Wishing you a wonderful week.
0,Huh i cant thk of more oredi how many pages do we have?
0,You still coming tonight?
0,Do you like shaking your booty on the dance floor?
0,Will it help if we propose going back again tomorrow
0,Asking do u knw them or nt? May be ur frnds or classmates?
0,"Carlos took a while (again), we leave in a minute"
0,Ha... Both of us doing e same thing. But i got tv 2 watch. U can thk of where 2 go tonight or u already haf smth in mind...
0,She went to attend another two rounds today..but still did't reach home..
0,Water logging in desert. Geoenvironmental implications.
0,When did dad get back.
0,Dude ive been seeing a lotta corvettes lately
0,Oh k :)why you got job then whats up?
0,Oh yah... We never cancel leh... Haha 
0,Or remind me in a few hrs.
0,My phone
0,Thats cool. How was your day?
0,Will purchase d stuff today and mail to you. Do you have a po box number?
0,Oh yeah I forgot. U can only take 2 out shopping at once.
0,Yavnt tried yet and never played original either
0,If I was I wasn't paying attention
0,Wait 2 min..stand at bus stop
0,Take some small dose tablet for fever
0,Please reserve ticket on saturday eve from chennai to thirunelvali and again from tirunelvali to chennai on sunday eve...i already see in net..no ticket available..i want to book ticket through tackle ..
0,Lol yes. But it will add some spice to your day.
0,"Lemme know when I can swing by and pick up, I'm free basically any time after 1 all this semester"
0,So how many days since then?
0,Pls send me your address sir.
0,Good Morning my Dear Shijutta........... Have a great &amp; successful day.
0,Sorry i din lock my keypad.
0,Yup it's at paragon... I havent decided whether 2 cut yet... Hee...
0,Hi' Test on  &lt;#&gt; rd ....
0,How much i gave to you. Morning.
0,Ball is moving a lot.will spin in last :)so very difficult to bat:)
0,If u laugh really loud.. If u talk spontaneously.. If u dont care what others feel.. U are probably with your dear &amp; best friends.. GOODEVENING Dear..:)
0,ÌÏ log off 4 wat. It's sdryb8i
0,Send me your resume:-)
0,Yo come over carlos will be here soon
0,PS U no ur a grown up now right?
0,"\Im on gloucesterroad what are uup to later?\"""""
0,All sounds good. Fingers . Makes it difficult to type
0,"Text me when you get off, don't call, my phones having problems"
0,"No we put party 7 days a week and study lightly, I think we need to draw in some custom checkboxes so they know we're hardcore"
0,"We spend our days waiting for the ideal path to appear in front of us.. But what we forget is.. \paths are made by walking.. not by waiting..\"" Goodnight!"""
0,Aiyar hard 2 type. U later free then tell me then i call n scold n tell u.
0,Send to someone else :-)
0,"The house is on the water with a dock, a boat rolled up with a newscaster who dabbles in jazz flute behind the wheel"
0,I think chennai well settled?
0,Well i know Z will take care of me. So no worries.
0,So wat's da decision?
0,Wewa is 130. Iriver 255. All 128 mb.
0,"If you're still up, maybe leave the credit card so I can get gas when I get back like he told me to"
0,First answer my question.
0,Eek that's a lot of time especially since American Pie is like 8 minutes long. I can't stop singing it.
0,Cause I'm not freaky lol
0,Lol ... I really need to remember to eat when I'm drinking but I do appreciate you keeping me company that night babe *smiles*
0,Omg Joanna is freaking me out. She's looked thru all my friends to find photos of me. And then she's asking about stuff on my MySpace which I haven't even logged on in like a year. :/
0,R u sure they'll understand that! Wine * good idea just had a slurp!
0,And is there a way you can send shade's stuff to her. And she has been wonderful too.
0,I will reach ur home in  &lt;#&gt;  minutes
0,I'm gonna say no. Sorry. I would but as normal am starting to panic about time. Sorry again! Are you seeing on Tuesday?
0,HOW ARE U? I HAVE MISSED U! I HAVENT BEEN UP 2 MUCH A BIT BORED WITH THE HOLIDAY WANT 2 GO BAK 2 COLLEGE! SAD ISNT IT?xx
0,Have a nice day my dear.
0,LOL that would be awesome payback.
0,No wonder... Cos i dun rem seeing a silver car... But i thk i saw a black one...
0,No he didn't. Spring is coming early yay!
0,Thk some of em find wtc too far... Weiyi not goin... E rest i dunno yet... R ur goin 4 dinner den i might b able to join...
0,Why don't you go tell your friend you're not sure you want to live with him because he smokes too much then spend hours begging him to come smoke
0,Umma. Did she say anything
0,Thank god they are in bed!
0,Jokin only lar... :-) depends on which phone my father can get lor...
0,No no. I will check all rooms befor activities
0,Mode men or have you left.
0,"My mobile number.pls sms ur mail id.convey regards to achan,amma.Rakhesh.Qatar"
0,Yes..gauti and sehwag out of odi series.
0,Arun can u transfr me d amt
0,Realy sorry-i don't recognise this number and am now confused :) who r u please?! 
0,Heart is empty without love.. Mind is empty without wisdom.. Eyes r empty without dreams &amp; Life is empty without frnds.. So Alwys Be In Touch. Good night &amp; sweet dreams
0,All was well until slightly disastrous class this pm with my fav darlings! Hope day off ok. Coffee wld be good as can't stay late tomorrow. Same time + place as always?
0,Hope ur head doesn't hurt 2 much ! Am ploughing my way through a pile of ironing ! Staying in with a chinky tonight come round if you like.
0,We're on the opposite side from where we dropped you off
0,Hey no I ad a crap nite was borin without ya 2 boggy with me u boring biatch! Thanx but u wait til nxt time il ave ya 
0,"1.20 that call cost. Which i guess isnt bad. Miss ya, need ya, want ya, love ya"
0,R we still meeting 4 dinner tonight?
0,Are you wet right now?
0,So that means you still think of teju
0,That sucks. I'll go over so u can do my hair. You'll do it free right?
0,"Depends on quality. If you want the type i sent boye, faded glory, then about 6. If you want ralphs maybe 2"
0,I don't think he has spatula hands!
0,This is my number by vivek..
0,"G says you never answer your texts, confirm/deny"
0,Are you available for soiree on June 3rd?
0,Oh my God. I'm almost home
0,Are you planning to come chennai?
0,I'm in a movie. Call me 4 wat?
0,"HELLOGORGEOUS, HOWS U? MY FONE WAS ON CHARGE LST NITW WEN U TEXD ME. HOPEU AD A NICE WKEND AS IM SURE U DID LOOKIN 4WARD 2 C-IN U 2MRW LUV JAZ"
0,Nope thats fine. I might have a nap tho! 
0,You have got tallent but you are wasting.
0,Why did I wake up on my own &gt;:(
0,From someone not to smoke when every time I've smoked in the last two weeks is because of you calling or texting me that you wanted to smoke
0,Printer is cool. I mean groovy. Wine is groovying
0,That's y u haf 2 keep me busy...
0,Please leave this topic..sorry for telling that..
0,I tot u outside cos darren say u come shopping. Of course we nice wat. We jus went sim lim look at mp3 player.
0,U still going to the mall?
0,I'm ok. Will do my part tomorrow
0,Ma head dey swell oh. Thanks for making my day
0,"Yes, i'm small kid.. And boost is the secret of my energy.."
0,Were gonna go get some tacos
0,Wat makes u thk i'll fall down. But actually i thk i'm quite prone 2 falls. Lucky my dad at home i ask him come n fetch me already.
0,Probably money worries. Things are coming due and i have several outstanding invoices for work i did two and three months ago.
0,Oh... Okie lor...We go on sat... 
0,Hey you can pay. With salary de. Only  &lt;#&gt; .
0,I wait 4 Ì_ inside da car park...
0,Nvm... I'm going to wear my sport shoes anyway... I'm going to be late leh.
0,Thank u. IT BETTER WORK OUT CAUSE I WILL FEEL USED OTHERWISE
0,S:-)if we have one good partnership going we will take lead:)
0,"No my blankets are sufficient, thx"
0,I have 2 docs appointments next week.:/ I'm tired of them shoving stuff up me. Ugh why couldn't I have had a normal body?
0,Also remember the beads don't come off. Ever.
0,Got it..mail panren paru..
0,U R THE MOST BEAUTIFUL GIRL IVE EVER SEEN. U R MY BABY COME AND C ME IN THE COMMON ROOM
0,"Thursday night? Yeah, sure thing, we'll work it out then"
0,Hey check it da. I have listed da.
0,Let me know how it changes in the next 6hrs. It can even be appendix but you are out of that age range. However its not impossible. So just chill and let me know in 6hrs
0,Even if he my friend he is a priest call him now
0,LOL ... No just was busy
0,Good Morning plz call me sir
0,Life style garments account no please.
0,I am waiting machan. Call me once you free.
0,"Sorry, I'll call later"
0,May i call You later Pls
0,You got job in wipro:)you will get every thing in life in 2 or 3 years.
0,Great escape. I fancy the bridge but needs her lager. See you tomo 
0,S.this will increase the chance of winning.
0,Do Ì_ noe if ben is going?
0,Well obviously not because all the people in my cool college life went home ;_;
0,"Ela kano.,il download, come wen ur free.."
0,Oh ok wait 4 me there... My lect havent finish
0,O was not into fps then.
0,Lol ... I knew that .... I saw him in the dollar store
0,It's ok lar. U sleep early too... Nite...
0,He didn't see his shadow. We get an early spring yay
0,So what did the bank say about the money?
0,Also track down any lighters you can find
0,I HAVE A DATE ON SUNDAY WITH WILL!!
0,HI DARLIN I FINISH AT 3 DO U 1 2 PICK ME UP OR MEET ME? TEXT BACK ON THIS NUMBER LUV KATE XXX
0,I'm good. Have you registered to vote?
0,"Open rebtel with firefox. When it loads just put plus sign in the user name place, and it will show you two numbers. The lower number is my number. Once you pick that number the pin will display okay!"
0,Ok i will tell her to stay out. Yeah its been tough but we are optimistic things will improve this month.
0,You call him and tell now infront of them. Call him now.
0,"If i let you do this, i want you in the house by 8am."
0,"Come round, it's . "
0,"Evry Emotion dsn't hav Words.Evry Wish dsn't hav Prayrs.. If u Smile,D World is wit u.Othrwise even d Drop of Tear dsn't lik 2 Stay wit u.So b happy.. Good morning, keep smiling:-)"
0,Sen told that he is going to join his uncle finance in cbe
0,ELLO BABE U OK?
0,"FRAN I DECIDED 2 GO N E WAY IM COMPLETELY BROKE AN KNACKERED I GOT UP BOUT 3 C U 2MRW LOVE JANX P.S THIS IS MY DADS FONE, -NO CREDIT"
0,Yeah it's jus rite...
0,hows my favourite person today? r u workin hard? couldn't sleep again last nite nearly rang u at 4.30
0,"Haha yeah I see that now, be there in a sec"
0,Sent me ur email id soon
0,Have you been practising your curtsey?
0,"Hello, yeah i've just got out of the bath and need to do my hair so i'll come up when i'm done, yeah?"
0,No. But we'll do medical missions to nigeria
0,I was just callin to say hi. Take care bruv!
0,get ready to moan and scream :)
0,Kaiez... Enjoy ur tuition... Gee... Thk e second option sounds beta... I'll go yan jiu den msg u...
0,Thanks chikku..:-) gud nyt:-*
0,Reverse is cheating. That is not mathematics.
0,"Sorry, I'll call later in meeting"
0,No one interested. May be some business plan.
0,No go. No openings for that room 'til after thanksgiving without an upcharge.
0,Where at were hungry too
0,In which place i can get rooms cheap:-)
0,In meeting da. I will call you
0,You sure your neighbors didnt pick it up
0,Havent planning to buy later. I check already lido only got 530 show in e afternoon. U finish work already?
0,Ok no prob. Take ur time.
0,I sent them. Do you like?
0,Ok Chinese food on its way. When I get fat you're paying for my lipo.
0,"Enjoy the showers of possessiveness poured on u by ur loved ones, bcoz in this world of lies, it is a golden gift to be loved truly.."
0,"Just gettin a bit arty with my collages at the mo, well tryin 2 ne way! Got a roast in a min lovely i shall enjoy that!"
0,"Hi elaine, is today's meeting confirmed?"
0,I AM AT THE GAS STATION. GO THERE.
0,Sos! Any amount i can get pls.
0,Lul im gettin some juicy gossip at the hospital. Two nurses are talking about how fat they are gettin. And one thinks shes obese. Oyea.
0,"I can. But it will tell quite long, cos i haven't finish my film yet..."
0,Oh :-)only 4 outside players allowed to play know
0,Hi darlin im on helens fone im gonna b up the princes 2 nite please come up tb love Kate
0,Yup but not studying surfing lor. I'm in e lazy mode today.
0,"FR'NDSHIP is like a needle of a clock. Though V r in d same clock, V r nt able 2 met. Evn if V meet,itz only 4few seconds. Bt V alwys stay conected. Gud 9t;-)"
0,Hi im having the most relaxing time ever! we have to get up at 7am every day! was the party good the other night? I get home tomorrow at 5ish.
0,Surely result will offer:)
0,Omg it could snow here tonite!
0,Bognor it is! Should be splendid at this time of year.
0,Yo you guys ever figure out how much we need for alcohol? Jay and I are trying to figure out how much we can safely spend on weed
0,Haha i think i did too
0,Hows the street where the end of library walk is?
0,Are you the cutest girl in the world or what
0,O i played smash bros  &lt;#&gt;  religiously.
0,I got a call from a landline number. . . I am asked to come to anna nagar . . . I will go in the afternoon
0,Tell rob to mack his gf in the theater
0,Hey... are you going to quit soon? Xuhui and i working till end of the month 
0,That seems unnecessarily affectionate
0,"Yes, princess. Are you going to make me moan?"
0,I to am looking forward to all the sex cuddling.. Only two more sleeps 
0,No problem. We will be spending a lot of quality time together...
0,Have a good trip. Watch out for . Remember when you get back we must decide about easter.
0,"Sorry, it's a lot of friend-of-a-friend stuff, I'm just now about to talk to the actual guy who wants to buy"
0,Where in abj are you serving. Are you staying with dad or alone.
0,I like to think there's always the possibility of being in a pub later.
0,Ill be there on  &lt;#&gt;  ok.
0,i can call in  &lt;#&gt;  min if thats ok
0,"Haha... Where got so fast lose weight, thk muz go 4 a month den got effect... Gee,later we go aust put bk e weight."
0,How will I creep on you now? ;_;
0, &lt;#&gt;  mins but i had to stop somewhere first.
0,Where you. What happen
0,Cos darren say Ì_ considering mah so i ask Ì_...
0,I will take care of financial problem.i will help:)
0,&lt;#&gt;  great loxahatchee xmas tree burning update: you can totally see stars here
0,Our Prasanth ettans mother passed away last night. Just pray for her and family.
0,I (Career Tel) have added u as a contact on INDYAROCKS.COM to send FREE SMS. To remove from phonebook - sms NO to  &lt;#&gt;
0,"I want to show you the world, princess :) how about europe?"
0,Pansy! You've been living in a jungle for two years! Its my driving you should be more worried about!
0,I havent lei.. Next mon can?
0,What time should I tell my friend to be around?
0,I finished my lunch already. U wake up already?
0,Dear how is chechi. Did you talk to her
0,Hi mom we might be back later than  &lt;#&gt; 
0,"Good afternon, my love. How are today? I hope your good and maybe have some interviews. I wake and miss you babe. A passionate kiss from across the sea"
0,ÌÏ thk of wat to eat tonight.
0,New car and house for my parents.:)i have only new job in hand:)
0,Then ur physics get a-?
0,I wish that I was with you. Holding you tightly. Making you see how important you are. How much you mean to me ... How much I need you ... In my life ...
0,Go where n buy? Juz buy when we get there lar.
0,In that case I guess I'll see you at campus lodge
0,Okie... Thanx...
0,what is your account number?
0,"Can you please ask macho what his price range is, does he want something new or used plus it he only interfued in the blackberry bold  &lt;#&gt;  or any bb"
0,"Living is very simple.. Loving is also simple.. Laughing is too simple.. Winning is tooo simple.. But, Being 'SIMPLE' is very difficult...;-) :-)"
0,Then u drive lor.
0,"No dice, art class 6 thru 9 :( thanks though. Any idea what time I should come tomorrow?"
0,Dunno lei he neva say...
0,If india win or level series means this is record:)
0,"Its ok., i just askd did u knw tht no?"
0,No. I meant the calculation is the same. That  &lt;#&gt; units at  &lt;#&gt; . This school is really expensive. Have you started practicing your accent. Because its important. And have you decided if you are doing 4years of dental school or if you'll just do the nmde exam.
0,I got lousy sleep. I kept waking up every 2 hours to see if my cat wanted to come in. I worry about him when its cold :(
0,Eat at old airport road... But now 630 oredi... Got a lot of pple...
0,K then 2marrow are you coming to class.
0,If you hear a loud scream in about &lt;#&gt; minutes its cause my Gyno will be shoving things up me that don't belong :/
0,My exam is for february 4. Wish you a great day.
0,Good morning princess! Have a great day!
0,First has she gained more than  &lt;#&gt; kg since she took in. Second has she done the blood sugar tests. If she has and its ok and her blood pressure is within normal limits then no worries
0,I'm in class. Did you get my text.
0,somewhere out there beneath the pale moon light someone think in of u some where out there where dreams come true... goodnite &amp; sweet dreams
0,Not from this campus. Are you in the library?
0,Yes baby! We can study all the positions of the kama sutra ;)
0,Yun buying... But school got offer 2000 plus only...
0,"That's fine, have him give me a call if he knows what he wants or has any questions"
0,Oops i thk i dun haf enuff... I go check then tell Ì_..
0,"\Are you comingdown later?\"""""
0,Ok. I asked for money how far
0,"Rose for red,red for blood,blood for heart,heart for u. But u for me.... Send tis to all ur friends.. Including me.. If u like me.. If u get back, 1-u r poor in relation! 2-u need some 1 to support 3-u r frnd 2 many 4-some1 luvs u 5+- some1 is praying god to marry u.:-) try it...."
0,Ok no prob
0,How come i din c Ì_... Yup i cut my hair...
0,Nt joking seriously i told
0,Can you please send me my aunty's number
0,"\CHEERS U TEX MECAUSE U WEREBORED! YEAH OKDEN HUNNY R UIN WK SAT?SOUNDåÕS LIKEYOUR HAVIN GR8FUN J! KEEP UPDAT COUNTINLOTS OF LOVEME XXXXX.\"""""
0,So your telling me I coulda been your real Valentine and I wasn't? U never pick me for NOTHING!!
0,"Jay told me already, will do"
0,Sorry dude. Dont know how i forgot. Even after Dan reminded me. Sorry. Hope you guys had fun.
0,"He is impossible to argue with and he always treats me like his sub, like he never released me ... Which he did and I will remind him of that if necessary"
0,Love has one law; Make happy the person you love. In the same way friendship has one law; Never make ur friend feel alone until you are alive.... Gud night
0,Never blame a day in ur life. Good days give u happiness. Bad days give u experience. Both are essential in life! All are Gods blessings! good morning.:
0,I wish! I don't think its gonna snow that much. But it will be more than those flurries we usually get that melt before they hit the ground. Eek! We haven't had snow since &lt;#&gt; before I was even born!
0,Okie.. Thanx..
0,Can Ì_ call me at 10:10 to make sure dat i've woken up...
0,Guess he wants alone time. We could just show up and watch when they do..
0,Is that seriously how you spell his name?
0,on hen night. Going with a swing
0,How u doin baby girl ?? hope u are okay every time I call ure phone is off! I miss u get in touch
